epoch,precision,recall,mAP50,mAP50-95,F1,mAR
0,0.0449359118938446,0.1969324499368667,0.03199989721179,0.0081744994968175,0.0715816095471382,0.1367005705833435
1,0.0767828375101089,0.1850805878639221,0.0494835339486599,0.0125048458576202,0.1057802215218544,0.190075933933258
2,0.0761255696415901,0.2499026954174041,0.0549929626286029,0.0149106197059154,0.115535669028759,0.2012772411108017
3,0.0983710214495658,0.2158574610948562,0.0708128809928894,0.0206398721784353,0.1302646249532699,0.2170159667730331
4,0.1093845590949058,0.2321524769067764,0.0763615146279335,0.022181786596775,0.1364448815584182,0.2241479456424713
5,0.1354145556688308,0.1929778456687927,0.0874837487936019,0.02535349316895,0.1554344296455383,0.2323920577764511
6,0.129207044839859,0.205280989408493,0.0925422236323356,0.027874557301402,0.1538561582565307,0.2387832254171371
7,0.1122893169522285,0.2448126524686813,0.0859612226486206,0.0269782356917858,0.1444120705127716,0.2457524538040161
8,0.139762744307518,0.206494003534317,0.0957076177000999,0.0316822342574596,0.1518291980028152,0.2479676604270935
9,0.12556754052639,0.2175591140985489,0.0952212885022163,0.0311032142490148,0.1498133689165115,0.2464180141687393
10,0.1258393079042434,0.2204308360815048,0.0996773019433021,0.0334043689072132,0.1501549482345581,0.2453578561544418
11,0.1580938994884491,0.2078721672296524,0.1155206188559532,0.0388881117105484,0.1701385378837585,0.2607430517673492
12,0.1477132439613342,0.2376096546649933,0.1146893128752708,0.0411094836890697,0.1760936379432678,0.2622597515583038
13,0.1711757928133011,0.2237838357686996,0.1270312219858169,0.0445072054862976,0.1858780235052108,0.2575277686119079
14,0.1938585191965103,0.2117314636707306,0.133180096745491,0.0479900650680065,0.1998266726732254,0.2766781747341156
15,0.2287832349538803,0.2174083143472671,0.1420155316591262,0.0492741763591766,0.1944144517183303,0.2737383246421814
16,0.2197914719581604,0.2412855774164199,0.1507696509361267,0.0552384331822395,0.2022040486335754,0.2804257273674011
17,0.2210109531879425,0.2499555200338363,0.1514982432126999,0.0564695000648498,0.2058702558279037,0.277430921792984
18,0.2317434102296829,0.222678542137146,0.1507579982280731,0.0550425387918949,0.2023315727710724,0.2812947332859039
19,0.2063047140836715,0.258893072605133,0.1500865072011947,0.0561521090567112,0.2050585448741912,0.2841938436031341
20,0.1947846114635467,0.2709768116474151,0.1511216014623642,0.0568817369639873,0.2070320695638656,0.2937503457069397
21,0.1811715513467788,0.2880914211273193,0.153259590268135,0.0575235411524772,0.2042763531208038,0.2873564660549164
22,0.1755468547344207,0.3217857778072357,0.1602427363395691,0.0610618814826011,0.2104967534542083,0.2899852991104126
23,0.2880988717079162,0.203516349196434,0.1651135981082916,0.0620879828929901,0.220199629664421,0.2916495501995086
24,0.2587177157402038,0.2134994715452194,0.165751427412033,0.0633446723222732,0.2136135101318359,0.2926766574382782
25,0.2612822651863098,0.2104199230670929,0.1725350767374038,0.0663484930992126,0.2147607505321502,0.2888577282428741
26,0.2607987225055694,0.224676638841629,0.180862471461296,0.0705875232815742,0.2253150641918182,0.298497587442398
27,0.2541905343532562,0.2270215302705764,0.1834107488393783,0.0711212530732154,0.2262982875108719,0.2990860342979431
28,0.2769919335842132,0.2289474755525589,0.1849750578403473,0.0704808756709098,0.2377180010080337,0.2974843084812164
29,0.3048616349697113,0.2106140702962875,0.1824246197938919,0.0686339139938354,0.2396826744079589,0.2990662157535553
30,0.2795343101024627,0.2195592522621154,0.1807506531476974,0.0681978911161422,0.2339465767145156,0.2942531406879425
31,0.2734902799129486,0.2248419523239135,0.1837914884090423,0.0718444511294364,0.2324391901493072,0.2991481423377991
32,0.2868815064430237,0.2171282768249511,0.1851327866315841,0.0729931518435478,0.2327697575092315,0.2991219460964203
33,0.2637392878532409,0.2279212921857834,0.1910655796527862,0.0754553750157356,0.2337198853492736,0.3011801242828369
34,0.3007048070430755,0.201371356844902,0.1890314370393753,0.0749911963939666,0.2320383936166763,0.3010561168193817
35,0.2690461874008178,0.2279129177331924,0.1881326138973236,0.0749828442931175,0.2370687127113342,0.3015543818473816
36,0.2770822048187256,0.2280982136726379,0.188974842429161,0.0749128386378288,0.2392231971025467,0.3007393777370453
37,0.2647589445114136,0.2269540429115295,0.1906846165657043,0.0770269706845283,0.2331347465515136,0.2976412177085876
38,0.2542248070240021,0.2370301932096481,0.1917233020067215,0.0773126035928726,0.2329222410917282,0.3011114001274109
39,0.272081971168518,0.231706216931343,0.1969029158353805,0.0792666599154472,0.2389518171548843,0.3021532595157623
40,0.2593898475170135,0.2466001063585281,0.1969846040010452,0.078380674123764,0.2414038032293319,0.299699455499649
41,0.2647045254707336,0.229511559009552,0.1961405873298645,0.0783389285206794,0.2357406169176101,0.3000480234622955
42,0.2414780557155609,0.2650320529937744,0.1988467276096344,0.0802581906318664,0.2418474704027176,0.3047894239425659
43,0.2716442048549652,0.2292412668466568,0.1963419020175933,0.0795833319425582,0.2375977635383606,0.3050463497638702
44,0.2685536444187164,0.236210361123085,0.1986621022224426,0.080067291855812,0.2416008859872818,0.3044826984405517
45,0.3091479539871216,0.2136503756046295,0.1972934454679489,0.079174980521202,0.2431361526250839,0.3007485866546631
46,0.2905236184597015,0.2242363542318344,0.1969129294157028,0.079230822622776,0.2434847056865692,0.3024596869945526
47,0.2741934359073639,0.2406073063611984,0.1983324438333511,0.0796943977475166,0.2456524968147277,0.3016051650047302
48,0.2715581953525543,0.2427444010972976,0.1992871463298797,0.0793997943401336,0.2449083775281906,0.3021956384181976
49,0.2660048604011535,0.2467379122972488,0.1986116617918014,0.0793401673436164,0.2442120462656021,0.298518568277359
50,0.2400945723056793,0.2818145751953125,0.2003499716520309,0.0796541422605514,0.2474253624677658,0.2999757826328277
51,0.2387609928846359,0.2825057208538055,0.198417454957962,0.0792094245553016,0.247526079416275,0.300648421049118
52,0.2622219026088714,0.2481618076562881,0.1965286284685135,0.0792333856225013,0.2433868199586868,0.3045663237571716
53,0.2564392685890198,0.2480238527059555,0.197997897863388,0.0798873454332351,0.2418411076068878,0.3049227893352508
54,0.2617933750152588,0.2518399357795715,0.1984450370073318,0.0801806226372718,0.2457918375730514,0.3072021007537842
55,0.2492103576660156,0.2710725963115692,0.2003139704465866,0.0803852900862693,0.2484515905380249,0.306223064661026
56,0.2486349195241928,0.2693139910697937,0.2004155963659286,0.0812176540493965,0.2471908777952194,0.307052880525589
57,0.2468591630458831,0.2687418162822723,0.1998631209135055,0.0811838954687118,0.2459884583950042,0.3072164058685303
58,0.2363601922988891,0.2909651398658752,0.2001189291477203,0.0805784612894058,0.2483001202344894,0.3064514994621277
59,0.2352624833583831,0.2895823121070862,0.2012467086315155,0.0807034894824028,0.2471779137849807,0.3068181276321411
60,0.2444672435522079,0.2691321671009063,0.201410561800003,0.0804794877767562,0.2449724078178405,0.3105339109897613
61,0.2466395199298858,0.2724268436431885,0.201844185590744,0.0812762975692749,0.2467816770076751,0.3087426722049713
62,0.3218922317028045,0.2090710550546646,0.2012269794940948,0.0804487466812133,0.2454278469085693,0.3086576461791992
63,0.2554589807987213,0.2574327290058136,0.2031790018081665,0.0822948515415191,0.2464078664779663,0.3099966943264007
64,0.2551361620426178,0.2584256827831268,0.2018009424209594,0.0810920521616935,0.2460330426692962,0.3075422048568725
65,0.2576059401035309,0.2596185505390167,0.2026755958795547,0.0806760936975479,0.2481767386198043,0.3069252967834472
66,0.2352170795202255,0.2884683609008789,0.2020023614168167,0.0805602669715881,0.2483235597610473,0.3055117130279541
67,0.2456716448068618,0.277292937040329,0.2010243684053421,0.0801536738872528,0.2502807080745697,0.3074507713317871
68,0.2651550769805908,0.2654128670692444,0.2030998319387436,0.0805808380246162,0.2546796798706054,0.3064711689949035
69,0.2896942496299743,0.2396923899650573,0.2030448615550995,0.0806100890040397,0.2528797388076782,0.304743081331253
70,0.2775719165802002,0.2563346028327942,0.2016815692186355,0.0807571113109588,0.2570814490318298,0.3069414794445038
71,0.2635526657104492,0.266643226146698,0.2012261748313903,0.0811425596475601,0.2544302344322204,0.3067401349544525
72,0.2625181376934051,0.2681807279586792,0.2038122117519378,0.0810370221734047,0.2557821571826935,0.307753711938858
73,0.2877302467823028,0.2424729168415069,0.2027947455644607,0.0811914652585983,0.2539485096931457,0.3058658838272095
74,0.2732034921646118,0.2564917802810669,0.2019648849964141,0.0815619602799415,0.2550877630710602,0.3092333972454071
75,0.2737213671207428,0.2527441680431366,0.201560690999031,0.0809594616293907,0.2531196773052215,0.307033360004425
76,0.2841674387454986,0.2443206161260604,0.1998103260993957,0.0806307792663574,0.2541219294071197,0.3080985844135284
77,0.2866777777671814,0.2442132830619812,0.1998758465051651,0.0813164412975311,0.2547147274017334,0.3061501979827881
78,0.2743370831012726,0.2554614543914795,0.2013110667467117,0.0815975666046142,0.2551356256008148,0.3060120344161987
79,0.3018171787261963,0.2339813858270645,0.203417956829071,0.0825714841485023,0.2542317807674408,0.3032073378562927
80,0.2828990817070007,0.2442022711038589,0.2039225399494171,0.0824956819415092,0.2519144117832184,0.3048006296157837
81,0.3018584549427032,0.2337912172079086,0.2033568024635315,0.0819781720638275,0.2532790303230285,0.3036282360553741
82,0.3078050911426544,0.2191412597894668,0.200607568025589,0.0814263969659805,0.2469988167285919,0.3038734495639801
83,0.3234848380088806,0.2123662382364273,0.1988830417394638,0.0812375470995903,0.2472342997789383,0.3057664036750793
84,0.2796240150928497,0.2400550991296768,0.2000585794448852,0.0808485895395279,0.2484228312969207,0.3058706521987915
85,0.3259273171424866,0.2160602509975433,0.2011265456676483,0.0818376466631889,0.2492823600769043,0.3067889511585235
86,0.2824226319789886,0.2464854717254638,0.2035670727491378,0.0821929648518562,0.2520395219326019,0.3062014877796173
87,0.2883579134941101,0.242930069565773,0.2032700181007385,0.0818159505724906,0.2536171972751617,0.304529994726181
88,0.32643723487854,0.2192780375480651,0.2026600092649459,0.0820558220148086,0.2519130110740661,0.3068453073501587
89,0.3530146181583404,0.2094175815582275,0.2041321694850921,0.0817058533430099,0.2533693611621856,0.3015702664852142
90,0.3123812973499298,0.2303472608327865,0.2035151124000549,0.0815370455384254,0.2542357742786407,0.302679181098938
91,0.3334926664829254,0.2230385243892669,0.2040839791297912,0.0812505260109901,0.2567891180515289,0.3034158647060394
92,0.3144806027412414,0.2301946282386779,0.2032792121171951,0.0813845619559288,0.2549667656421661,0.3028157353401184
93,0.351698487997055,0.2123300731182098,0.202977105975151,0.0815044716000557,0.2546240985393524,0.3027196526527405
94,0.3146733045578003,0.2314929068088531,0.2027032226324081,0.0816060602664947,0.2556726932525635,0.2998026609420776
95,0.3200729787349701,0.2344800531864166,0.2040185630321502,0.0813545435667038,0.2588028311729431,0.3006458282470703
96,0.2848357558250427,0.247125968337059,0.203524962067604,0.0815649032592773,0.2539663314819336,0.3010884821414947
97,0.3169287443161011,0.2320616841316223,0.202015072107315,0.0812616124749183,0.2559400200843811,0.2969363927841186
98,0.3154793977737427,0.2278624922037124,0.2026440799236297,0.0815589353442192,0.2529502511024475,0.3003062605857849
99,0.3177388906478882,0.23262919485569,0.2030179500579834,0.0817938446998596,0.2569211423397064,0.3014942705631256
