epoch,step,train/cardinality_error,train/cardinality_error_0,train/cardinality_error_enc,train/class_error,train/loss,train/loss_bbox,train/loss_bbox_aux,train/loss_ce,train/loss_ce_aux,train/loss_giou,train/loss_giou_aux,train/lr,train/lr_max,train/lr_min,val/F1,val/ema_mAP_50,val/ema_mAP_50_95,val/ema_mAP_75,val/ema_mAR,val/mAP_50,val/mAP_50_95,val/mAP_75,val/mAR,val/precision,val/recall
0,8,,,,,,,,,,,,,,,0.0749787911772728,0.0380081832408905,0.008912915363907814,0.0016229173634201288,0.13525430858135223,0.0380081832408905,0.008912915363907814,0.0016229173634201288,0.13525430858135223,0.05555238574743271,0.1780860722064972
0,8,19.72222137451172,20.9375,19.70138931274414,76.19786071777344,10.178205490112305,0.11040213704109192,0.23761232197284698,0.9014685750007629,1.7151622772216797,0.5150157809257507,1.087419033050537,,,,,,,,,,,,,,
1,17,,,,,,,,,,,,,,,0.10035090893507004,0.05443202331662178,0.014228733256459236,0.002829620148986578,0.18177102506160736,0.05443202331662178,0.014228733256459236,0.002829620148986578,0.18177102506160736,0.0808715671300888,0.17041610181331635
1,17,22.29861068725586,22.29861068725586,22.29861068725586,73.8622817993164,9.924996376037598,0.09304619580507278,0.1941750943660736,0.9728313088417053,1.9136401414871216,0.4404033422470093,0.9175705313682556,,,,,,,,,,,,,,
2,26,,,,,,,,,,,,,,,0.11401615291833878,0.0590265728533268,0.014882035553455353,0.0024845644365996122,0.18910063803195953,0.0590265728533268,0.014882035553455353,0.0024845644365996122,0.18910063803195953,0.09452091157436371,0.1565595418214798
2,26,22.5,22.5,22.5,70.87739562988281,9.787029266357422,0.0848667323589325,0.18207788467407227,0.9980817437171936,1.941760540008545,0.41133177280426025,0.8749789595603943,,,,,,,,,,,,,,
3,35,,,,,,,,,,,,,,,0.11702010780572891,0.07192955911159515,0.02018372155725956,0.004881886299699545,0.21381141245365143,0.07192955911159515,0.02018372155725956,0.004881886299699545,0.21381141245365143,0.0913374051451683,0.18785503506660461
3,35,22.22222137451172,22.22222137451172,22.22222137451172,68.40440368652344,9.740141868591309,0.08362165838479996,0.17780230939388275,1.0011892318725586,1.9633415937423706,0.4035022556781769,0.8484780192375183,,,,,,,,,,,,,,
4,44,,,,,,,,,,,,,,,0.12599815428256989,0.07904880493879318,0.02190490812063217,0.005266241263598204,0.21361996233463287,0.07904880493879318,0.02190490812063217,0.005266241263598204,0.21361996233463287,0.13032777607440948,0.16240093111991882
4,44,21.09027862548828,21.09027862548828,21.0,67.5202865600586,9.737351417541504,0.08394406735897064,0.17523624002933502,1.0069981813430786,1.9920039176940918,0.39696386456489563,0.8247587084770203,,,,,,,,,,,,,,
5,49,,,,,,,,,,,,9.999999747378752e-05,9.999999747378752e-05,3.232564267818816e-06,,,,,,,,,,,
5,53,,,,,,,,,,,,,,,0.13836346566677094,0.08748055249452591,0.025644870474934578,0.007062371354550123,0.22702264785766602,0.08748055249452591,0.025644870474934578,0.007062371354550123,0.22702264785766602,0.11598292738199234,0.19995281100273132
5,53,21.88888931274414,21.86805534362793,21.88888931274414,67.2627944946289,9.62582015991211,0.07865157723426819,0.16616231203079224,1.020624041557312,1.9937978982925415,0.3819696605205536,0.8044846653938293,,,,,,,,,,,,,,
6,62,,,,,,,,,,,,,,,0.1521313190460205,0.09792371839284897,0.03020816296339035,0.009628918953239918,0.24103379249572754,0.09792371839284897,0.03020816296339035,0.009628918953239918,0.24103379249572754,0.13690471649169922,0.1992001086473465
6,62,21.24305534362793,21.08333396911621,21.13888931274414,65.77833557128906,9.648540496826172,0.08006947487592697,0.1718277484178543,1.0206589698791504,1.9868073463439941,0.3794347643852234,0.807626485824585,,,,,,,,,,,,,,
7,71,,,,,,,,,,,,,,,0.1412411332130432,0.08891016244888306,0.028051573783159256,0.010483501479029655,0.23787187039852142,0.08891016244888306,0.028051573783159256,0.010483501479029655,0.23787187039852142,0.12587541341781616,0.18252915143966675
7,71,21.72222137451172,21.31944465637207,21.35416603088379,63.06892395019531,9.521334648132324,0.07608124613761902,0.16040237247943878,1.013052225112915,1.9813838005065918,0.3786846697330475,0.7963368892669678,,,,,,,,,,,,,,
8,80,,,,,,,,,,,,,,,0.15814395248889923,0.10328163206577301,0.033935680985450745,0.015454966574907303,0.2520855665206909,0.10328163206577301,0.033935680985450745,0.015454966574907303,0.2520855665206909,0.12538842856884003,0.2448599636554718
8,80,19.27083396911621,19.61805534362793,19.63194465637207,60.56386947631836,9.529943466186523,0.07745840400457382,0.16294029355049133,1.0134921073913574,1.984394907951355,0.3736194670200348,0.7924690842628479,,,,,,,,,,,,,,
9,89,,,,,,,,,,,,,,,0.16555917263031006,0.11163953691720963,0.03681458160281181,0.015918629243969917,0.24753405153751373,0.11163953691720963,0.03681458160281181,0.015918629243969917,0.24753405153751373,0.1505470722913742,0.19650544226169586
9,89,19.77083396911621,20.18055534362793,20.05555534362793,60.04507827758789,9.43745231628418,0.07476045936346054,0.1589255928993225,1.0009750127792358,1.9558939933776855,0.3776237666606903,0.8000177145004272,,,,,,,,,,,,,,
10,98,,,,,,,,,,,,,,,0.16639220714569092,0.11553072929382324,0.03816068172454834,0.0171956866979599,0.2457389384508133,0.11553072929382324,0.03816068172454834,0.0171956866979599,0.2457389384508133,0.14875060319900513,0.22764363884925842
10,98,19.54861068725586,19.84722137451172,20.29861068725586,56.60294723510742,9.36076831817627,0.07096939533948898,0.1479082703590393,1.0234675407409668,2.0117850303649902,0.3554227948188782,0.7425147294998169,,,,,,,,,,,,,,
11,99,,,,,,,,,,,,9.999999747378752e-05,9.999999747378752e-05,3.232564267818816e-06,,,,,,,,,,,
11,107,,,,,,,,,,,,,,,0.18604892492294312,0.12684127688407898,0.04360288381576538,0.022474143654108047,0.25194302201271057,0.12684127688407898,0.04360288381576538,0.022474143654108047,0.25194302201271057,0.17459382116794586,0.2242240160703659
11,107,16.99305534362793,18.68055534362793,18.8125,55.60375213623047,9.375205993652344,0.07198483496904373,0.15036335587501526,1.0091376304626465,1.9903613328933716,0.3653320074081421,0.766901969909668,,,,,,,,,,,,,,
12,116,,,,,,,,,,,,,,,0.17256242036819458,0.13147257268428802,0.04623259976506233,0.023463763296604156,0.2584695518016815,0.13147257268428802,0.04623259976506233,0.023463763296604156,0.2584695518016815,0.16846396028995514,0.24108047783374786
12,116,17.75694465637207,18.49305534362793,19.53472137451172,54.871971130371094,9.319616317749023,0.07270487397909164,0.14902570843696594,1.003262996673584,1.9863126277923584,0.36258506774902344,0.7533214092254639,,,,,,,,,,,,,,
13,125,,,,,,,,,,,,,,,0.19870644807815552,0.14557795226573944,0.051195625215768814,0.023886067792773247,0.2692751884460449,0.14557795226573944,0.051195625215768814,0.023886067792773247,0.2692751884460449,0.1934526562690735,0.25341591238975525
13,125,17.4375,18.75,18.15277862548828,54.46197509765625,9.36523151397705,0.0731985941529274,0.15445464849472046,1.0119680166244507,1.982849359512329,0.36103320121765137,0.7576315999031067,,,,,,,,,,,,,,
14,134,,,,,,,,,,,,,,,0.20906145870685577,0.1603947877883911,0.05640963837504387,0.025156956166028976,0.26147037744522095,0.1603947877883911,0.05640963837504387,0.025156956166028976,0.26147037744522095,0.20882846415042877,0.2641456127166748
14,134,17.79166603088379,19.47916603088379,18.15277862548828,50.19419479370117,9.215513229370117,0.06844832003116608,0.14182649552822113,1.0058506727218628,1.9959807395935059,0.3515033423900604,0.7287347316741943,,,,,,,,,,,,,,
15,143,,,,,,,,,,,,,,,0.2101692110300064,0.15759728848934174,0.056481536477804184,0.024440299719572067,0.257879376411438,0.15759728848934174,0.056481536477804184,0.024440299719572067,0.257879376411438,0.24418506026268005,0.23435752093791962
15,143,17.75694465637207,19.22916603088379,18.09027862548828,52.16468048095703,9.278456687927246,0.07138325273990631,0.14974652230739594,0.9953711032867432,1.968278408050537,0.3647289276123047,0.7580254077911377,,,,,,,,,,,,,,
16,149,,,,,,,,,,,,9.999999747378752e-05,9.999999747378752e-05,3.232564267818816e-06,,,,,,,,,,,
16,152,,,,,,,,,,,,,,,0.21185718476772308,0.16445280611515045,0.058648351579904556,0.028708448633551598,0.2715359032154083,0.16445280611515045,0.058648351579904556,0.028708448633551598,0.2715359032154083,0.2239939570426941,0.23320023715496063
16,152,17.82638931274414,18.88194465637207,17.9375,49.45414733886719,9.229399681091309,0.07055164128541946,0.14625108242034912,1.0023393630981445,2.0051698684692383,0.34823739528656006,0.7169468998908997,,,,,,,,,,,,,,
17,161,,,,,,,,,,,,,,,0.21055743098258972,0.16379646956920624,0.05887901410460472,0.029001666232943535,0.2678511440753937,0.16379646956920624,0.05887901410460472,0.029001666232943535,0.2678511440753937,0.2118355631828308,0.24113281071186066
17,161,15.833333015441895,17.98611068725586,16.35416603088379,47.1286506652832,9.181686401367188,0.0688607394695282,0.1424456238746643,1.0031613111495972,2.003483772277832,0.3449014127254486,0.7110306024551392,,,,,,,,,,,,,,
18,170,,,,,,,,,,,,,,,0.2140321284532547,0.163539320230484,0.060002319514751434,0.027362218126654625,0.2710859477519989,0.163539320230484,0.060002319514751434,0.027362218126654625,0.2710859477519989,0.20464038848876953,0.24762675166130066
18,170,16.72222137451172,18.11805534362793,16.19444465637207,50.77702331542969,9.283050537109375,0.07515119761228561,0.15840037167072296,0.9784882068634033,1.9249005317687988,0.37273651361465454,0.7815218567848206,,,,,,,,,,,,,,
19,179,,,,,,,,,,,,,,,0.22349746525287628,0.16639186441898346,0.061526693403720856,0.030945859849452972,0.2778948247432709,0.16639186441898346,0.061526693403720856,0.030945859849452972,0.2778948247432709,0.2171923965215683,0.2508516311645508
19,179,16.76388931274414,18.72916603088379,17.72222137451172,47.900936126708984,9.18777084350586,0.07160634547472,0.14963564276695251,0.9783412218093872,1.9439241886138916,0.36420938372612,0.754305362701416,,,,,,,,,,,,,,
20,188,,,,,,,,,,,,,,,0.2169317752122879,0.16349349915981293,0.061091165989637375,0.02960078790783882,0.2798604369163513,0.16349349915981293,0.061091165989637375,0.02960078790783882,0.2798604369163513,0.22488079965114594,0.23450762033462524
20,188,18.15277862548828,17.67361068725586,18.625,45.68968200683594,9.1423921585083,0.07055577635765076,0.1458180993795395,0.9832413196563721,1.9466122388839722,0.3562772870063782,0.7441309094429016,,,,,,,,,,,,,,
21,197,,,,,,,,,,,,,,,0.22283466160297394,0.16960971057415009,0.06453339755535126,0.03209950402379036,0.2807462215423584,0.16960971057415009,0.06453339755535126,0.03209950402379036,0.2807462215423584,0.23998625576496124,0.22994831204414368
21,197,18.82638931274414,18.04861068725586,18.0,43.8088493347168,9.084830284118652,0.06525224447250366,0.13729728758335114,1.0040236711502075,1.9979044198989868,0.3336321711540222,0.7004817128181458,,,,,,,,,,,,,,
22,199,,,,,,,,,,,,9.999999747378752e-05,9.999999747378752e-05,3.232564267818816e-06,,,,,,,,,,,
22,206,,,,,,,,,,,,,,,0.22598731517791748,0.1725202202796936,0.06603536009788513,0.033750295639038086,0.2833264172077179,0.1725202202796936,0.06603536009788513,0.033750295639038086,0.2833264172077179,0.204900324344635,0.285521924495697
22,206,16.30555534362793,17.16666603088379,17.36111068725586,48.062923431396484,9.243271827697754,0.07375069707632065,0.15691713988780975,0.978124737739563,1.936035394668579,0.36517417430877686,0.7656310796737671,,,,,,,,,,,,,,
23,215,,,,,,,,,,,,,,,0.23269018530845642,0.1777595579624176,0.06789650768041611,0.03533176705241203,0.2793916165828705,0.1777595579624176,0.06789650768041611,0.03533176705241203,0.2793916165828705,0.23254427313804626,0.25199607014656067
23,215,19.06944465637207,18.625,17.88194465637207,42.1585693359375,8.97054672241211,0.0648040771484375,0.13487164676189423,0.9807230830192566,1.9627050161361694,0.34049949049949646,0.7021576762199402,,,,,,,,,,,,,,
24,224,,,,,,,,,,,,,,,0.23540829122066498,0.17697902023792267,0.0675656870007515,0.03717010095715523,0.2831310033798218,0.17697902023792267,0.0675656870007515,0.03717010095715523,0.2831310033798218,0.2161983698606491,0.28228694200515747
24,224,23.67361068725586,20.17361068725586,18.81944465637207,43.47364807128906,8.962882041931152,0.06602302938699722,0.13757479190826416,0.9658610224723816,1.9242013692855835,0.3516123592853546,0.7307717800140381,,,,,,,,,,,,,,
25,233,,,,,,,,,,,,,,,0.2304539531469345,0.17585979402065277,0.06843094527721405,0.038867972791194916,0.28418034315109253,0.17585979402065277,0.06843094527721405,0.038867972791194916,0.28418034315109253,0.2290978580713272,0.2548125386238098
25,233,19.17361068725586,17.1875,17.65277862548828,43.26010513305664,9.000910758972168,0.06627154350280762,0.13847312331199646,0.9794576168060303,1.953368067741394,0.34076517820358276,0.7150022387504578,,,,,,,,,,,,,,
26,242,,,,,,,,,,,,,,,0.2350236475467682,0.18589016795158386,0.07270973920822144,0.04335593432188034,0.2866632640361786,0.18589016795158386,0.07270973920822144,0.04335593432188034,0.2866632640361786,0.2632131278514862,0.23071427643299103
26,242,25.11111068725586,17.92361068725586,20.03472137451172,40.55866241455078,8.912087440490723,0.06343783438205719,0.13193053007125854,0.9777162075042725,1.9643908739089966,0.33440765738487244,0.6911075115203857,,,,,,,,,,,,,,
27,249,,,,,,,,,,,,9.999999747378752e-05,9.999999747378752e-05,3.232564267818816e-06,,,,,,,,,,,
27,251,,,,,,,,,,,,,,,0.237850621342659,0.18780775368213654,0.07415816932916641,0.043831419199705124,0.29121410846710205,0.18780775368213654,0.07415816932916641,0.043831419199705124,0.29121410846710205,0.28296566009521484,0.21947766840457916
27,251,22.3125,18.29861068725586,19.70138931274414,42.08271789550781,8.931476593017578,0.0650421753525734,0.1345139741897583,0.9809081554412842,1.9684391021728516,0.3299447298049927,0.6875554323196411,,,,,,,,,,,,,,
28,260,,,,,,,,,,,,,,,0.2460838407278061,0.19320249557495117,0.07403780519962311,0.03722333908081055,0.28855201601982117,0.19320249557495117,0.07403780519962311,0.03722333908081055,0.28855201601982117,0.2525235116481781,0.2631566822528839
28,260,24.98611068725586,18.38888931274414,20.04861068725586,41.96863555908203,8.935712814331055,0.06655564159154892,0.1383797973394394,0.9683945775032043,1.940531611442566,0.3419111371040344,0.7046810388565063,,,,,,,,,,,,,,
29,269,,,,,,,,,,,,,,,0.24440017342567444,0.1932632476091385,0.07370807975530624,0.04175710305571556,0.2919944226741791,0.1932632476091385,0.07370807975530624,0.04175710305571556,0.2919944226741791,0.28467103838920593,0.2320115864276886
29,269,25.50694465637207,19.27083396911621,24.61805534362793,41.82982635498047,8.898963928222656,0.06588956713676453,0.13613471388816833,0.965684175491333,1.9322806596755981,0.340650737285614,0.7058045864105225,,,,,,,,,,,,,,
30,278,,,,,,,,,,,,,,,0.24842020869255066,0.19006365537643433,0.07198791205883026,0.039622288197278976,0.2907247543334961,0.19006365537643433,0.07198791205883026,0.039622288197278976,0.2907247543334961,0.2768511474132538,0.2468317747116089
30,278,18.65277862548828,16.11111068725586,17.20138931274414,41.17182922363281,8.895025253295898,0.06447485834360123,0.1348847895860672,0.9688650965690613,1.9352993965148926,0.33920878171920776,0.7057402729988098,,,,,,,,,,,,,,
31,287,,,,,,,,,,,,,,,0.2477145940065384,0.18834659457206726,0.07143104821443558,0.040589239448308945,0.2970748841762543,0.18834659457206726,0.07143104821443558,0.040589239448308945,0.2970748841762543,0.27961263060569763,0.23998866975307465
31,287,23.45138931274414,18.74305534362793,22.19444465637207,41.04112243652344,8.939777374267578,0.06781058013439178,0.14123791456222534,0.9594826102256775,1.9211074113845825,0.34844204783439636,0.7182348370552063,,,,,,,,,,,,,,
32,296,,,,,,,,,,,,,,,0.24661290645599365,0.19287686049938202,0.07325568795204163,0.044703662395477295,0.29487144947052,0.19287686049938202,0.07325568795204163,0.044703662395477295,0.29487144947052,0.25821295380592346,0.2554810047149658
32,296,28.70138931274414,20.38194465637207,26.1875,38.771114349365234,8.77629280090332,0.06185697019100189,0.12816284596920013,0.961933434009552,1.9345670938491821,0.3306390047073364,0.6859569549560547,,,,,,,,,,,,,,
33,299,,,,,,,,,,,,9.999999747378752e-05,9.999999747378752e-05,3.232564267818816e-06,,,,,,,,,,,
33,305,,,,,,,,,,,,,,,0.2508279085159302,0.19416257739067078,0.07547057420015335,0.04223267734050751,0.2956848740577698,0.19416257739067078,0.07547057420015335,0.04223267734050751,0.2956848740577698,0.2718566656112671,0.2517669200897217
33,305,29.32638931274414,21.29861068725586,22.95833396911621,38.93239974975586,8.842981338500977,0.0647864043712616,0.1338927447795868,0.9573981165885925,1.9258496761322021,0.3388199210166931,0.7027244567871094,,,,,,,,,,,,,,
34,314,,,,,,,,,,,,,,,0.2503562569618225,0.19461581110954285,0.07621145993471146,0.041432399302721024,0.29703328013420105,0.19461581110954285,0.07621145993471146,0.041432399302721024,0.29703328013420105,0.27233874797821045,0.25344377756118774
34,314,32.58333206176758,20.72916603088379,23.39583396911621,37.62971115112305,8.775480270385742,0.0622982531785965,0.12935152649879456,0.9604009985923767,1.9414435625076294,0.32791242003440857,0.678858757019043,,,,,,,,,,,,,,
35,323,,,,,,,,,,,,,,,0.2503511905670166,0.19389156997203827,0.07485529780387878,0.038107600063085556,0.29526960849761963,0.19389156997203827,0.07485529780387878,0.038107600063085556,0.29526960849761963,0.2567111849784851,0.2672191262245178
35,323,25.36111068725586,18.63194465637207,21.97222137451172,37.816410064697266,8.818557739257812,0.0649978369474411,0.13515909016132355,0.9573245644569397,1.9265458583831787,0.3341330289840698,0.6908836364746094,,,,,,,,,,,,,,
36,332,,,,,,,,,,,,,,,0.24290163815021515,0.18946681916713715,0.07514844834804535,0.03849925473332405,0.2949020564556122,0.18946681916713715,0.07514844834804535,0.03849925473332405,0.2949020564556122,0.23573917150497437,0.2781873941421509
36,332,25.49305534362793,19.1875,25.03472137451172,38.45111083984375,8.792584419250488,0.06259306520223618,0.13023258745670319,0.9590072631835938,1.9332165718078613,0.33443474769592285,0.6875703930854797,,,,,,,,,,,,,,
37,341,,,,,,,,,,,,,,,0.24803820252418518,0.18794837594032288,0.07420094311237335,0.04163728654384613,0.2948969602584839,0.18794837594032288,0.07420094311237335,0.04163728654384613,0.2948969602584839,0.2759779095649719,0.2447923719882965
37,341,27.02083396911621,19.70138931274414,23.39583396911621,39.10402297973633,8.85299301147461,0.06595008820295334,0.1360599398612976,0.9584315419197083,1.922802209854126,0.33864495158195496,0.7015929222106934,,,,,,,,,,,,,,
38,349,,,,,,,,,,,,9.999999747378752e-05,9.999999747378752e-05,3.232564267818816e-06,,,,,,,,,,,
38,350,,,,,,,,,,,,,,,0.24395208060741425,0.18800640106201172,0.07430630177259445,0.0450463704764843,0.29716604948043823,0.18800640106201172,0.07430630177259445,0.0450463704764843,0.29716604948043823,0.28595635294914246,0.2276564985513687
38,350,31.97222137451172,20.13888931274414,27.90277862548828,37.128135681152344,8.670947074890137,0.05977265536785126,0.1233382597565651,0.9566094279289246,1.9240341186523438,0.32463061809539795,0.6724221706390381,,,,,,,,,,,,,,
39,359,,,,,,,,,,,,,,,0.24848079681396484,0.1908552050590515,0.07652776688337326,0.0466398186981678,0.2922612428665161,0.1908552050590515,0.07652776688337326,0.0466398186981678,0.2922612428665161,0.2636375427246094,0.2563609480857849
39,359,27.125,19.75694465637207,24.46527862548828,38.13283920288086,8.737194061279297,0.06228017061948776,0.1296999603509903,0.9555310010910034,1.9112883806228638,0.3297857940196991,0.6920405030250549,,,,,,,,,,,,,,
40,368,,,,,,,,,,,,,,,0.24665287137031555,0.18960146605968475,0.07440093904733658,0.04502461105585098,0.29567039012908936,0.18960146605968475,0.07440093904733658,0.04502461105585098,0.29567039012908936,0.2936756908893585,0.22637777030467987
40,368,27.96527862548828,20.04166603088379,26.99305534362793,37.960594177246094,8.766050338745117,0.06391695886850357,0.13333867490291595,0.9472507834434509,1.9002984762191772,0.33849871158599854,0.7038379907608032,,,,,,,,,,,,,,
41,377,,,,,,,,,,,,,,,0.2437739223241806,0.19276642799377441,0.07518398761749268,0.04503137990832329,0.2979777753353119,0.19276642799377441,0.07518398761749268,0.04503137990832329,0.2979777753353119,0.23753555119037628,0.27801400423049927
41,377,25.70833396911621,18.00694465637207,24.68055534362793,38.38931655883789,8.843271255493164,0.06686349958181381,0.13939803838729858,0.9511378407478333,1.9064680337905884,0.33933261036872864,0.7090437412261963,,,,,,,,,,,,,,
42,386,,,,,,,,,,,,,,,0.2470250427722931,0.19295230507850647,0.07512746006250381,0.04444301128387451,0.29650235176086426,0.19295230507850647,0.07512746006250381,0.04444301128387451,0.29650235176086426,0.2690516710281372,0.25186294317245483
42,386,31.09027862548828,22.11805534362793,27.86111068725586,38.27946090698242,8.786900520324707,0.06498146802186966,0.135065957903862,0.9459158778190613,1.8989672660827637,0.3409197926521301,0.7075292468070984,,,,,,,,,,,,,,
43,395,,,,,,,,,,,,,,,0.24663396179676056,0.19049853086471558,0.07422683387994766,0.04406222701072693,0.29774487018585205,0.19049853086471558,0.07422683387994766,0.04406222701072693,0.29774487018585205,0.30177539587020874,0.2243662327528
43,395,36.09722137451172,22.54166603088379,26.29861068725586,33.00617218017578,8.525918960571289,0.05658423900604248,0.11558455973863602,0.951187789440155,1.9394444227218628,0.3080592453479767,0.6338458061218262,,,,,,,,,,,,,,
44,399,,,,,,,,,,,,9.999999747378752e-05,9.999999747378752e-05,3.232564267818816e-06,,,,,,,,,,,
44,404,,,,,,,,,,,,,,,0.24636560678482056,0.18993881344795227,0.07382144778966904,0.0410168282687664,0.2964533269405365,0.18993881344795227,0.07382144778966904,0.0410168282687664,0.2964533269405365,0.279325008392334,0.24043770134449005
44,404,26.74305534362793,18.20833396911621,25.53472137451172,39.01924133300781,8.78430461883545,0.06572625786066055,0.1356906145811081,0.9488102793693542,1.9032857418060303,0.3369747996330261,0.6995382905006409,,,,,,,,,,,,,,
45,413,,,,,,,,,,,,,,,0.24750691652297974,0.1897420436143875,0.07438012957572937,0.042320720851421356,0.2958870828151703,0.1897420436143875,0.07438012957572937,0.042320720851421356,0.2958870828151703,0.2960227429866791,0.22756613790988922
45,413,37.5,25.09027862548828,29.59027862548828,34.17848587036133,8.587420463562012,0.06093723326921463,0.12600062787532806,0.9343690872192383,1.9062540531158447,0.32355067133903503,0.6621918678283691,,,,,,,,,,,,,,
46,422,,,,,,,,,,,,,,,0.2504980266094208,0.1954696625471115,0.07467793673276901,0.04128884896636009,0.29434168338775635,0.1954696625471115,0.07467793673276901,0.04128884896636009,0.29434168338775635,0.25521180033683777,0.2699451744556427
46,422,38.65277862548828,23.75694465637207,29.04861068725586,33.819725036621094,8.57003402709961,0.060279302299022675,0.12406954169273376,0.9393650889396667,1.909606695175171,0.31844285130500793,0.6567302346229553,,,,,,,,,,,,,,
47,431,,,,,,,,,,,,,,,0.2509864866733551,0.194602370262146,0.0745747983455658,0.04286769777536392,0.2924783527851105,0.194602370262146,0.0745747983455658,0.04286769777536392,0.2924783527851105,0.2815404236316681,0.2443743497133255
47,431,34.31944274902344,23.58333396911621,27.68055534362793,33.990360260009766,8.601524353027344,0.06088145077228546,0.12568332254886627,0.9438345432281494,1.9139741659164429,0.31929561495780945,0.6572457551956177,,,,,,,,,,,,,,
48,440,,,,,,,,,,,,,,,0.25182172656059265,0.19689522683620453,0.07522602379322052,0.04302278906106949,0.29362162947654724,0.19689522683620453,0.07522602379322052,0.04302278906106949,0.29362162947654724,0.302478164434433,0.23059755563735962
48,440,41.22222137451172,30.58333396911621,31.97222137451172,33.33744812011719,8.556285858154297,0.060970742255449295,0.12628374993801117,0.9374101161956787,1.9052867889404297,0.31559860706329346,0.6517112255096436,,,,,,,,,,,,,,
49,449,,,,,,,,,,,,9.999999747378752e-05,9.999999747378752e-05,3.232564267818816e-06,,,,,,,,,,,
49,449,,,,,,,,,,,,,,,0.24847763776779175,0.1981075555086136,0.07665958255529404,0.0466572605073452,0.2926619350910187,0.1981075555086136,0.07665958255529404,0.0466572605073452,0.2926619350910187,0.27992159128189087,0.23949997127056122
49,449,34.38194274902344,23.90277862548828,27.65972137451172,33.48179244995117,8.583134651184082,0.05980994179844856,0.12390032410621643,0.9438064098358154,1.903708577156067,0.32050156593322754,0.6642752885818481,,,,,,,,,,,,,,
50,458,,,,,,,,,,,,,,,0.24800096452236176,0.19761446118354797,0.07677478343248367,0.04895254224538803,0.29410362243652344,0.19761446118354797,0.07677478343248367,0.04895254224538803,0.29410362243652344,0.2810342311859131,0.2411058098077774
50,458,31.53472137451172,22.6875,31.30555534362793,37.45924758911133,8.663990020751953,0.06182912364602089,0.1296769678592682,0.9337071180343628,1.8689217567443848,0.33953657746315,0.7110636234283447,,,,,,,,,,,,,,
51,467,,,,,,,,,,,,,,,0.2528585195541382,0.20102901756763458,0.07789521664381027,0.049399103969335556,0.2926083207130432,0.20102901756763458,0.07789521664381027,0.049399103969335556,0.2926083207130432,0.28115114569664,0.24825519323349
51,467,42.70138931274414,29.90277862548828,36.375,32.850284576416016,8.519818305969238,0.059432342648506165,0.1231665089726448,0.9238030910491943,1.8758443593978882,0.32754355669021606,0.6762209534645081,,,,,,,,,,,,,,
52,476,,,,,,,,,,,,,,,0.2516792118549347,0.20066581666469574,0.07811331748962402,0.0496852844953537,0.291495680809021,0.20066581666469574,0.07811331748962402,0.0496852844953537,0.291495680809021,0.25620728731155396,0.2755350172519684
52,476,31.88888931274414,22.90277862548828,30.34722137451172,34.6685676574707,8.584985733032227,0.060538630932569504,0.1259564757347107,0.936896562576294,1.888801097869873,0.3238382041454315,0.6767194271087646,,,,,,,,,,,,,,
53,485,,,,,,,,,,,,,,,0.24947836995124817,0.20078431069850922,0.07875993847846985,0.05175495892763138,0.29300206899642944,0.20078431069850922,0.07875993847846985,0.05175495892763138,0.29300206899642944,0.2805923819541931,0.24441801011562347
53,485,44.33333206176758,27.65972137451172,32.54166793823242,31.44274139404297,8.434027671813965,0.05710110440850258,0.1165735051035881,0.9306716918945312,1.9066238403320312,0.3096715211868286,0.635860800743103,,,,,,,,,,,,,,
54,494,,,,,,,,,,,,,,,0.24946357309818268,0.19998577237129211,0.07881477475166321,0.048094067722558975,0.29313841462135315,0.19998577237129211,0.07881477475166321,0.048094067722558975,0.29313841462135315,0.2675507962703705,0.2590157389640808
54,494,41.25694274902344,26.80555534362793,31.875,31.301469802856445,8.482311248779297,0.05939565598964691,0.12221814692020416,0.9312666654586792,1.897813320159912,0.31194576621055603,0.6460949182510376,,,,,,,,,,,,,,
55,499,,,,,,,,,,,,9.999999747378752e-05,9.999999747378752e-05,3.232564267818816e-06,,,,,,,,,,,
55,503,,,,,,,,,,,,,,,0.24893391132354736,0.2031404823064804,0.07863534986972809,0.04857521131634712,0.2932482063770294,0.2031404823064804,0.07863534986972809,0.04857521131634712,0.2932482063770294,0.2917957901954651,0.23572492599487305
55,503,42.82638931274414,30.92361068725586,34.07638931274414,30.059871673583984,8.455140113830566,0.05859324708580971,0.12188911437988281,0.9309395551681519,1.8981096744537354,0.30813395977020264,0.6391803026199341,,,,,,,,,,,,,,
56,512,,,,,,,,,,,,,,,0.25114211440086365,0.2037234753370285,0.07907556742429733,0.047605372965335846,0.2943704426288605,0.2037234753370285,0.07907556742429733,0.047605372965335846,0.2943704426288605,0.25229692459106445,0.27748847007751465
56,512,38.18055725097656,25.22916603088379,32.35416793823242,32.43865203857422,8.487358093261719,0.05861318111419678,0.12085480242967606,0.9367457628250122,1.8968976736068726,0.31353509426116943,0.6478305459022522,,,,,,,,,,,,,,
57,521,,,,,,,,,,,,,,,0.2511940598487854,0.2060440182685852,0.07951491326093674,0.0477876253426075,0.2978627383708954,0.2060440182685852,0.07951491326093674,0.0477876253426075,0.2978627383708954,0.2511284351348877,0.28004491329193115
57,521,35.45833206176758,24.61111068725586,28.32638931274414,33.93917465209961,8.61223030090332,0.06327156722545624,0.1307593733072281,0.9224469065666199,1.866223692893982,0.3363863527774811,0.695980966091156,,,,,,,,,,,,,,
58,530,,,,,,,,,,,,,,,0.24978633224964142,0.20718513429164886,0.07926219701766968,0.04811204969882965,0.29599010944366455,0.20718513429164886,0.07926219701766968,0.04811204969882965,0.29599010944366455,0.25000396370887756,0.2771146595478058
58,530,39.09722137451172,25.61111068725586,29.5625,32.566184997558594,8.586929321289062,0.061221104115247726,0.1268511712551117,0.93374103307724,1.887012004852295,0.3265603184700012,0.6759698390960693,,,,,,,,,,,,,,
59,539,,,,,,,,,,,,,,,0.2487310767173767,0.2017027884721756,0.07880689203739166,0.04659941419959068,0.2958807051181793,0.2017027884721756,0.07880689203739166,0.04659941419959068,0.2958807051181793,0.24962922930717468,0.27599719166755676
59,539,48.0,34.34722137451172,35.79861068725586,29.251407623291016,8.358346939086914,0.05789805203676224,0.1191694587469101,0.913905680179596,1.8663145303726196,0.31311631202697754,0.6431681513786316,,,,,,,,,,,,,,
60,548,,,,,,,,,,,,,,,0.25271451473236084,0.20572344958782196,0.07835610210895538,0.04660152643918991,0.2937961220741272,0.20572344958782196,0.07835610210895538,0.04660152643918991,0.2937961220741272,0.2898269295692444,0.24148572981357574
60,548,32.40972137451172,24.45138931274414,27.97222137451172,33.535179138183594,8.613692283630371,0.06315520405769348,0.12992027401924133,0.9273609519004822,1.875704050064087,0.33303725719451904,0.6880550384521484,,,,,,,,,,,,,,
61,549,,,,,,,,,,,,9.999999747378752e-05,9.999999747378752e-05,3.232564267818816e-06,,,,,,,,,,,
61,557,,,,,,,,,,,,,,,0.25142818689346313,0.2046695202589035,0.07733336836099625,0.04435471072793007,0.29467707872390747,0.2046695202589035,0.07733336836099625,0.04435471072793007,0.29467707872390747,0.2712240517139435,0.25424084067344666
61,557,44.89583206176758,29.09027862548828,34.70138931274414,30.960609436035156,8.41616439819336,0.05791158229112625,0.11875654757022858,0.9152376651763916,1.8699991703033447,0.3223099708557129,0.6588658094406128,,,,,,,,,,,,,,
62,566,,,,,,,,,,,,,,,0.25217628479003906,0.20309486985206604,0.07680916041135788,0.04471621289849281,0.2973406910896301,0.20309486985206604,0.07680916041135788,0.04471621289849281,0.2973406910896301,0.28735578060150146,0.2434983253479004
62,566,48.70833206176758,32.45138931274414,34.22916793823242,30.47750473022461,8.366072654724121,0.05904822051525116,0.11985570937395096,0.9133303165435791,1.8822951316833496,0.30855420231819153,0.631597101688385,,,,,,,,,,,,,,
63,575,,,,,,,,,,,,,,,0.25457972288131714,0.20419320464134216,0.07761196792125702,0.04516809433698654,0.29750126600265503,0.20419320464134216,0.07761196792125702,0.04516809433698654,0.29750126600265503,0.3029153645038605,0.2355278730392456
63,575,44.75694274902344,30.65277862548828,37.09027862548828,30.108036041259766,8.41512393951416,0.0580529049038887,0.12035714089870453,0.9155744910240173,1.85247802734375,0.3228420615196228,0.670642614364624,,,,,,,,,,,,,,
64,584,,,,,,,,,,,,,,,0.25780153274536133,0.20309720933437347,0.07659099251031876,0.0438687801361084,0.29726865887641907,0.20309720933437347,0.07659099251031876,0.0438687801361084,0.29726865887641907,0.3072231113910675,0.23792190849781036
64,584,55.71527862548828,37.04861068725586,43.1875,27.825305938720703,8.246207237243652,0.05565943941473961,0.11435585469007492,0.9069262742996216,1.8545546531677246,0.3061998784542084,0.6303837299346924,,,,,,,,,,,,,,
65,593,,,,,,,,,,,,,,,0.2570499777793884,0.20206184685230255,0.0769420713186264,0.04502735286951065,0.2989214360713959,0.20206184685230255,0.0769420713186264,0.04502735286951065,0.2989214360713959,0.2971913516521454,0.2451009452342987
65,593,42.3125,30.01388931274414,41.24305725097656,32.3798828125,8.419719696044922,0.059492629021406174,0.12286416441202164,0.9112328290939331,1.8463284969329834,0.3250880539417267,0.6713189482688904,,,,,,,,,,,,,,
66,599,,,,,,,,,,,,9.999999747378752e-05,9.999999747378752e-05,3.232564267818816e-06,,,,,,,,,,,
66,602,,,,,,,,,,,,,,,0.25776851177215576,0.20539456605911255,0.07805020362138748,0.045274149626493454,0.29574355483055115,0.20539456605911255,0.07805020362138748,0.045274149626493454,0.29574355483055115,0.30857568979263306,0.2376311868429184
66,602,42.67361068725586,28.80555534362793,35.75694274902344,30.988027572631836,8.417276382446289,0.06063459813594818,0.12517696619033813,0.9103070497512817,1.8431483507156372,0.3226360082626343,0.6680175065994263,,,,,,,,,,,,,,
67,611,,,,,,,,,,,,,,,0.25784894824028015,0.20371727645397186,0.07807455211877823,0.04576481506228447,0.2952187955379486,0.20371727645397186,0.07807455211877823,0.04576481506228447,0.2952187955379486,0.2952106297016144,0.24973087012767792
67,611,44.61111068725586,27.26388931274414,39.27083206176758,30.840166091918945,8.421422958374023,0.0593673400580883,0.12320058792829514,0.9058606028556824,1.8522849082946777,0.3252567946910858,0.6708896160125732,,,,,,,,,,,,,,
68,620,,,,,,,,,,,,,,,0.25761640071868896,0.20421919226646423,0.07817606627941132,0.045707665383815765,0.2957797050476074,0.20421919226646423,0.07817606627941132,0.045707665383815765,0.2957797050476074,0.32620230317115784,0.22772417962551117
68,620,55.4375,37.375,44.90277862548828,28.369409561157227,8.285515785217285,0.057506587356328964,0.11785679310560226,0.9003890156745911,1.8451333045959473,0.31459149718284607,0.6442357301712036,,,,,,,,,,,,,,
69,629,,,,,,,,,,,,,,,0.25567781925201416,0.2039411962032318,0.07829832285642624,0.04671844094991684,0.2957533895969391,0.2039411962032318,0.07829832285642624,0.04671844094991684,0.2957533895969391,0.30743956565856934,0.23644672334194183
69,629,52.05555725097656,37.00694274902344,42.22222137451172,29.29244613647461,8.347025871276855,0.05868960916996002,0.12025019526481628,0.9025433659553528,1.8451478481292725,0.320108026266098,0.6583645343780518,,,,,,,,,,,,,,
70,638,,,,,,,,,,,,,,,0.255351185798645,0.2042059451341629,0.07840358465909958,0.048094648867845535,0.2977021038532257,0.2042059451341629,0.07840358465909958,0.048094648867845535,0.2977021038532257,0.3033856749534607,0.2383970469236374
70,638,55.18055725097656,39.59722137451172,41.89583206176758,26.948339462280273,8.216197967529297,0.055124059319496155,0.113948754966259,0.897327721118927,1.83648681640625,0.3096333146095276,0.641968846321106,,,,,,,,,,,,,,
71,647,,,,,,,,,,,,,,,0.258018434047699,0.20487838983535767,0.07930447906255722,0.048405297100543976,0.2943085730075836,0.20487838983535767,0.07930447906255722,0.048405297100543976,0.2943085730075836,0.31097909808158875,0.23874995112419128
71,647,58.81944274902344,37.44444274902344,42.59027862548828,25.943662643432617,8.129636764526367,0.05281037837266922,0.10748126357793808,0.8985370993614197,1.8551592826843262,0.2993813157081604,0.6110110282897949,,,,,,,,,,,,,,
72,649,,,,,,,,,,,,9.999999747378752e-05,9.999999747378752e-05,3.232564267818816e-06,,,,,,,,,,,
72,656,,,,,,,,,,,,,,,0.25641167163848877,0.20382769405841827,0.08022110164165497,0.04796955734491348,0.2952058017253876,0.20382769405841827,0.08022110164165497,0.04796955734491348,0.2952058017253876,0.28151342272758484,0.2592427134513855
72,656,59.13888931274414,37.97222137451172,46.6875,28.76283073425293,8.277864456176758,0.05766611546278,0.11880400776863098,0.8921933770179749,1.831046223640442,0.3195953071117401,0.654921293258667,,,,,,,,,,,,,,
73,665,,,,,,,,,,,,,,,0.2631681561470032,0.206759512424469,0.07973340898752213,0.04824186861515045,0.2948506772518158,0.206759512424469,0.07973340898752213,0.04824186861515045,0.2948506772518158,0.3123682141304016,0.24560850858688354
73,665,50.53472137451172,37.22916793823242,39.00694274902344,27.969722747802734,8.277851104736328,0.057388074696063995,0.11842029541730881,0.9013845920562744,1.8508718013763428,0.3091070055961609,0.638041079044342,,,,,,,,,,,,,,
74,674,,,,,,,,,,,,,,,0.2588344216346741,0.20667821168899536,0.08018587529659271,0.04782209172844887,0.2948010563850403,0.20667821168899536,0.08018587529659271,0.04782209172844887,0.2948010563850403,0.3073725700378418,0.2409084588289261
74,674,53.75,34.38194274902344,37.61805725097656,29.513282775878906,8.340187072753906,0.05845772475004196,0.11847926676273346,0.9100925922393799,1.8683373928070068,0.31099367141723633,0.6383277773857117,,,,,,,,,,,,,,
75,683,,,,,,,,,,,,,,,0.25603947043418884,0.20650476217269897,0.0808689296245575,0.04710607975721359,0.29615071415901184,0.20650476217269897,0.0808689296245575,0.04710607975721359,0.29615071415901184,0.31917834281921387,0.22914505004882812
75,683,54.29166793823242,37.20833206176758,43.9375,29.28029441833496,8.311866760253906,0.05728106200695038,0.11760972440242767,0.9086713790893555,1.8630834817886353,0.31085294485092163,0.6360985040664673,,,,,,,,,,,,,,
76,692,,,,,,,,,,,,,,,0.25770124793052673,0.2064904272556305,0.08096468448638916,0.04877673089504242,0.29498136043548584,0.2064904272556305,0.08096468448638916,0.04877673089504242,0.29498136043548584,0.31470614671707153,0.2330014407634735
76,692,51.05555725097656,33.5,44.13888931274414,28.577789306640625,8.268779754638672,0.05590340867638588,0.11588193476200104,0.9097120761871338,1.8585940599441528,0.3037649095058441,0.6328557133674622,,,,,,,,,,,,,,
77,699,,,,,,,,,,,,9.999999747378752e-05,9.999999747378752e-05,3.232564267818816e-06,,,,,,,,,,,
77,701,,,,,,,,,,,,,,,0.25707921385765076,0.2057763934135437,0.08081936836242676,0.04923205077648163,0.2907745838165283,0.2057763934135437,0.08081936836242676,0.04923205077648163,0.2907745838165283,0.31821388006210327,0.22992980480194092
77,701,59.85416793823242,39.75,46.73611068725586,26.09922218322754,8.185578346252441,0.05680527910590172,0.11728227138519287,0.8886803984642029,1.8203530311584473,0.3090022802352905,0.6395347118377686,,,,,,,,,,,,,,
78,710,,,,,,,,,,,,,,,0.257321834564209,0.20738598704338074,0.08195129781961441,0.05034003406763077,0.2938459515571594,0.20738598704338074,0.08195129781961441,0.05034003406763077,0.2938459515571594,0.3184201121330261,0.22941958904266357
78,710,42.39583206176758,26.57638931274414,36.55555725097656,30.300140380859375,8.418167114257812,0.05993952229619026,0.1235746443271637,0.9115428924560547,1.8574330806732178,0.32150012254714966,0.6598221659660339,,,,,,,,,,,,,,
79,719,,,,,,,,,,,,,,,0.2600421905517578,0.20955422520637512,0.08234194666147232,0.05060272291302681,0.2939344644546509,0.20955422520637512,0.08234194666147232,0.05060272291302681,0.2939344644546509,0.3252853453159332,0.23094739019870758
79,719,55.03472137451172,34.5625,42.1875,25.263010025024414,8.211779594421387,0.0572185255587101,0.11789266020059586,0.8943233489990234,1.8431205749511719,0.30261877179145813,0.628048837184906,,,,,,,,,,,,,,
80,728,,,,,,,,,,,,,,,0.2615065276622772,0.208283931016922,0.08225830644369125,0.05119919031858444,0.29137465357780457,0.208283931016922,0.08225830644369125,0.05119919031858444,0.29137465357780457,0.30844804644584656,0.24399757385253906
80,728,57.47222137451172,34.23611068725586,40.36111068725586,27.74846839904785,8.226346015930176,0.05636760964989662,0.1153239831328392,0.896325409412384,1.8344753980636597,0.3122180104255676,0.6409254670143127,,,,,,,,,,,,,,
81,737,,,,,,,,,,,,,,,0.26239973306655884,0.20960551500320435,0.08254948258399963,0.051914192736148834,0.29286468029022217,0.20960551500320435,0.08254948258399963,0.051914192736148834,0.29286468029022217,0.32415103912353516,0.23475545644760132
81,737,55.80555725097656,34.27083206176758,42.54166793823242,26.070762634277344,8.221251487731934,0.057046275585889816,0.11599065363407135,0.8950015306472778,1.8447405099868774,0.3085328936576843,0.6297585368156433,,,,,,,,,,,,,,
82,746,,,,,,,,,,,,,,,0.26340821385383606,0.2099437117576599,0.08227777481079102,0.05134117975831032,0.29407933354377747,0.2099437117576599,0.08227777481079102,0.05134117975831032,0.29407933354377747,0.3103290796279907,0.2457287609577179
82,746,55.69444274902344,38.28472137451172,42.0,24.632299423217773,8.105093002319336,0.05473381280899048,0.11282318085432053,0.880212664604187,1.8160868883132935,0.3051227033138275,0.6322319507598877,,,,,,,,,,,,,,
83,749,,,,,,,,,,,,9.999999747378752e-06,9.999999747378752e-06,3.2325641541319783e-07,,,,,,,,,,,
83,755,,,,,,,,,,,,,,,0.2631748616695404,0.20911504328250885,0.08249206840991974,0.05083610862493515,0.2929501235485077,0.20911504328250885,0.08249206840991974,0.05083610862493515,0.2929501235485077,0.29458826780319214,0.2556101977825165
83,755,58.45833206176758,38.01388931274414,44.07638931274414,26.233835220336914,8.161002159118652,0.0555737167596817,0.11383350938558578,0.8930403590202332,1.8447434902191162,0.3004593849182129,0.6187397241592407,,,,,,,,,,,,,,
84,764,,,,,,,,,,,,,,,0.2622566521167755,0.20766542851924896,0.08159279078245163,0.051030077040195465,0.2924264669418335,0.20766542851924896,0.08159279078245163,0.051030077040195465,0.2924264669418335,0.3217715919017792,0.23619690537452698
84,764,66.27777862548828,43.11111068725586,50.59027862548828,24.03717613220215,8.052477836608887,0.05411381274461746,0.11049329489469528,0.8816635608673096,1.8329590559005737,0.29531967639923096,0.604778528213501,,,,,,,,,,,,,,
85,773,,,,,,,,,,,,,,,0.2644520103931427,0.20834189653396606,0.08170606195926666,0.050637971609830856,0.29090645909309387,0.20834189653396606,0.08170606195926666,0.050637971609830856,0.29090645909309387,0.3069784939289093,0.24777033925056458
85,773,47.79861068725586,28.10416603088379,45.45138931274414,28.31435775756836,8.32121753692627,0.05978521332144737,0.12285210192203522,0.8938741683959961,1.8208961486816406,0.323314905166626,0.6659303307533264,,,,,,,,,,,,,,
86,782,,,,,,,,,,,,,,,0.2638382017612457,0.20962947607040405,0.08205532282590866,0.05010085925459862,0.29239949584007263,0.20962947607040405,0.08205532282590866,0.05010085925459862,0.29239949584007263,0.32060372829437256,0.2377718985080719
86,782,67.34027862548828,44.35416793823242,52.59722137451172,24.213134765625,8.057329177856445,0.05495775118470192,0.11192360520362854,0.8769529461860657,1.8137662410736084,0.301785945892334,0.6189559698104858,,,,,,,,,,,,,,
87,791,,,,,,,,,,,,,,,0.2626795470714569,0.21136024594306946,0.08276814222335815,0.05314275622367859,0.29258066415786743,0.21136024594306946,0.08276814222335815,0.05314275622367859,0.29258066415786743,0.281674325466156,0.26666054129600525
87,791,73.54861450195312,49.34722137451172,52.97222137451172,22.28606414794922,7.978443622589111,0.0532933808863163,0.10894771665334702,0.8754632472991943,1.826935887336731,0.289434552192688,0.5917850732803345,,,,,,,,,,,,,,
88,799,,,,,,,,,,,,9.999999747378752e-06,9.999999747378752e-06,3.2325641541319783e-07,,,,,,,,,,,
88,800,,,,,,,,,,,,,,,0.26702040433883667,0.21019719541072845,0.08255508542060852,0.05207546800374985,0.29119494557380676,0.21019719541072845,0.08255508542060852,0.05207546800374985,0.29119494557380676,0.3094984292984009,0.24980516731739044
88,800,71.29861450195312,49.5,52.45833206176758,22.149276733398438,7.881626605987549,0.05010232329368591,0.10171142220497131,0.8774409294128418,1.833211064338684,0.279636949300766,0.5709899067878723,,,,,,,,,,,,,,
89,809,,,,,,,,,,,,,,,0.2611255347728729,0.20965366065502167,0.08221396058797836,0.05174090340733528,0.29393884539604187,0.20965366065502167,0.08221396058797836,0.05174090340733528,0.29393884539604187,0.3031809329986572,0.2447783499956131
89,809,63.02083206176758,39.75,49.29166793823242,24.66228485107422,8.029011726379395,0.052686139941215515,0.10765474289655685,0.8816490769386292,1.8182436227798462,0.29914218187332153,0.6146188378334045,,,,,,,,,,,,,,
90,818,,,,,,,,,,,,,,,0.26316267251968384,0.21049892902374268,0.08279594779014587,0.052597809582948685,0.2947675585746765,0.21049892902374268,0.08279594779014587,0.052597809582948685,0.2947675585746765,0.3056949973106384,0.24661634862422943
90,818,48.48611068725586,29.45833396911621,43.67361068725586,27.87887954711914,8.279114723205566,0.05851547420024872,0.12035313993692398,0.9005208611488342,1.8375154733657837,0.3123648166656494,0.6419840455055237,,,,,,,,,,,,,,
91,827,,,,,,,,,,,,,,,0.2664772570133209,0.20881988108158112,0.08209432661533356,0.051563650369644165,0.29409727454185486,0.20881988108158112,0.08209432661533356,0.051563650369644165,0.29409727454185486,0.32584166526794434,0.23922491073608398
91,827,69.31944274902344,45.18055725097656,53.11805725097656,22.171072006225586,7.884580135345459,0.04950214549899101,0.10173247009515762,0.8722461462020874,1.8133455514907837,0.28735366463661194,0.591257631778717,,,,,,,,,,,,,,
92,836,,,,,,,,,,,,,,,0.26125237345695496,0.20802533626556396,0.0822405070066452,0.05196060612797737,0.2935779094696045,0.20802533626556396,0.0822405070066452,0.05196060612797737,0.2935779094696045,0.2945944368839264,0.25288188457489014
92,836,66.41666412353516,45.14583206176758,50.93055725097656,24.24387550354004,7.981027603149414,0.05274280533194542,0.1092958077788353,0.8745170831680298,1.8083550930023193,0.29426419734954834,0.608280599117279,,,,,,,,,,,,,,
93,845,,,,,,,,,,,,,,,0.26465803384780884,0.20722974836826324,0.08173921704292297,0.05136410519480705,0.291559100151062,0.20722974836826324,0.08173921704292297,0.05136410519480705,0.291559100151062,0.2990010976791382,0.2565598487854004
93,845,67.45833587646484,42.63888931274414,48.625,23.32666015625,8.00167179107666,0.05256973206996918,0.10714961588382721,0.8791906833648682,1.823839783668518,0.2950458228588104,0.603461742401123,,,,,,,,,,,,,,
94,849,,,,,,,,,,,,9.999999747378752e-06,9.999999747378752e-06,3.2325641541319783e-07,,,,,,,,,,,
94,854,,,,,,,,,,,,,,,0.26517438888549805,0.20776568353176117,0.08243076503276825,0.0526864267885685,0.2937979996204376,0.20776568353176117,0.08243076503276825,0.0526864267885685,0.2937979996204376,0.32040494680404663,0.23988628387451172
94,854,72.84027862548828,45.88194274902344,56.36805725097656,23.392467498779297,7.928186416625977,0.05159354209899902,0.10480760782957077,0.8729730248451233,1.8159031867980957,0.28998395800590515,0.5942292809486389,,,,,,,,,,,,,,
95,863,,,,,,,,,,,,,,,0.26131105422973633,0.20641344785690308,0.08205486834049225,0.0520966611802578,0.29184868931770325,0.20641344785690308,0.08205486834049225,0.0520966611802578,0.29184868931770325,0.2923411428928375,0.25348782539367676
95,863,72.25,48.07638931274414,51.90972137451172,22.864913940429688,7.927440166473389,0.051534608006477356,0.10580643266439438,0.8739962577819824,1.8240286111831665,0.2856740951538086,0.5866686701774597,,,,,,,,,,,,,,
96,872,,,,,,,,,,,,,,,0.2641667127609253,0.2080436497926712,0.08166810125112534,0.05176980793476105,0.2915637791156769,0.2080436497926712,0.08166810125112534,0.05176980793476105,0.2915637791156769,0.3193446695804596,0.23917970061302185
96,872,63.38888931274414,42.86805725097656,50.44444274902344,23.38606834411621,7.995668888092041,0.05299820750951767,0.10773637890815735,0.8730962872505188,1.8153204917907715,0.29773443937301636,0.6098465919494629,,,,,,,,,,,,,,
97,881,,,,,,,,,,,,,,,0.2630392909049988,0.20482699573040009,0.08162432909011841,0.05119139328598976,0.2909683883190155,0.20482699573040009,0.08162432909011841,0.05119139328598976,0.2909683883190155,0.29476505517959595,0.2547849714756012
97,881,62.03472137451172,38.74305725097656,51.38194274902344,26.363500595092773,8.110302925109863,0.055311113595962524,0.1138676106929779,0.8816615343093872,1.811056137084961,0.3058811128139496,0.6336061954498291,,,,,,,,,,,,,,
98,890,,,,,,,,,,,,,,,0.2629318833351135,0.20687447488307953,0.08192320168018341,0.05129960551857948,0.29253458976745605,0.20687447488307953,0.08192320168018341,0.05129960551857948,0.29253458976745605,0.2955062985420227,0.25536048412323
98,890,48.80555725097656,29.06944465637207,41.63194274902344,28.390811920166016,8.351778984069824,0.05958603322505951,0.12218304723501205,0.9052979946136475,1.8520478010177612,0.31396448612213135,0.6501561403274536,,,,,,,,,,,,,,
99,899,,,,,,,,,,,,9.999999747378752e-06,9.999999747378752e-06,3.2325641541319783e-07,,,,,,,,,,,
99,899,,,,,,,,,,,,,,,0.2608797252178192,0.20538873970508575,0.08180635422468185,0.050400879234075546,0.29166561365127563,0.20538873970508575,0.08180635422468185,0.050400879234075546,0.29166561365127563,0.3155165910720825,0.2373628318309784
99,899,64.40277862548828,42.92361068725586,47.39583206176758,24.657419204711914,8.023222923278809,0.053554046899080276,0.1092851459980011,0.8777844905853271,1.817269206047058,0.2981509268283844,0.6113083362579346,,,,,,,,,,,,,,
