completed_epoch,F1,precision,recall,provenance
151,0.737167894840,0.8655763268470764,0.6422793865203857,"recorded val/F1 (RF-DETR original metric)"
152,0.736250400543,0.8493015170097351,0.6501948237419128,"recorded val/F1 (RF-DETR original metric)"
153,0.737039387226,0.8663740754127502,0.6416254043579102,"recorded val/F1 (RF-DETR original metric)"
154,0.737002193928,0.8494440913200378,0.6512097120285034,"recorded val/F1 (RF-DETR original metric)"
155,0.736795783043,0.8439669013023376,0.6542346477508545,"recorded val/F1 (RF-DETR original metric)"
156,0.736985087395,0.8819398283958435,0.6332765817642212,"recorded val/F1 (RF-DETR original metric)"
157,0.737215638161,0.8764228820800781,0.6364824771881104,"recorded val/F1 (RF-DETR original metric)"
158,0.737726926804,0.8853585124015808,0.6325282454490662,"recorded val/F1 (RF-DETR original metric)"
159,0.736823976040,0.8581709265708923,0.6458348631858826,"recorded val/F1 (RF-DETR original metric)"
160,0.735332489014,0.8550631999969482,0.6453233957290649,"recorded val/F1 (RF-DETR original metric)"
161,0.734503448009,0.8807923793792725,0.6300299763679504,"recorded val/F1 (RF-DETR original metric)"
162,0.732939898968,0.8872947096824646,0.6244668960571289,"recorded val/F1 (RF-DETR original metric)"
163,0.732687592506,0.8676976561546326,0.6342315673828125,"recorded val/F1 (RF-DETR original metric)"
164,0.733421623707,0.8628626465797424,0.6380133628845215,"recorded val/F1 (RF-DETR original metric)"
165,0.734256505966,0.879027783870697,0.6306077837944031,"recorded val/F1 (RF-DETR original metric)"
166,0.734380722046,0.8632451891899109,0.6392687559127808,"recorded val/F1 (RF-DETR original metric)"
167,0.735345363617,0.8751114010810852,0.6343012452125549,"recorded val/F1 (RF-DETR original metric)"
168,0.734703242779,0.8785484433174133,0.6315186023712158,"recorded val/F1 (RF-DETR original metric)"
169,0.735821545124,0.8705563545227051,0.6374177932739258,"recorded val/F1 (RF-DETR original metric)"
170,0.735702455044,0.8693790435791016,0.6379154324531555,"recorded val/F1 (RF-DETR original metric)"
171,0.737083017826,0.8810776472091675,0.6337171196937561,"recorded val/F1 (RF-DETR original metric)"
172,0.736419379711,0.8768398761749268,0.6349692940711975,"recorded val/F1 (RF-DETR original metric)"
173,0.736592292786,0.876982569694519,0.6351436376571655,"recorded val/F1 (RF-DETR original metric)"
174,0.737046241760,0.8821821212768555,0.6331197023391724,"recorded val/F1 (RF-DETR original metric)"
175,0.737250685692,0.871453046798706,0.6390947103500366,"recorded val/F1 (RF-DETR original metric)"
176,0.737787604332,0.8724256157875061,0.6393438577651978,"recorded val/F1 (RF-DETR original metric)"
177,0.737385272980,0.8719506859779358,0.6390073299407959,"recorded val/F1 (RF-DETR original metric)"
178,0.737696290016,0.8614460825920105,0.6452344059944153,"recorded val/F1 (RF-DETR original metric)"
179,0.738676786423,0.867929220199585,0.6431427001953125,"recorded val/F1 (RF-DETR original metric)"
180,0.739061951637,0.8742483854293823,0.6402733325958252,"recorded val/F1 (RF-DETR original metric)"
181,0.739226400852,0.8843973278999329,0.6351496577262878,"recorded val/F1 (RF-DETR original metric)"
182,0.738212525845,0.8726034164428711,0.6398566961288452,"recorded val/F1 (RF-DETR original metric)"
183,0.739388465881,0.8741450905799866,0.6407931447029114,"recorded val/F1 (RF-DETR original metric)"
184,0.739729404449,0.8684187531471252,0.6444087028503418,"recorded val/F1 (RF-DETR original metric)"
185,0.738799214363,0.8728303909301758,0.6406148672103882,"recorded val/F1 (RF-DETR original metric)"
186,0.739431858063,0.8683918714523315,0.643992006778717,"recorded val/F1 (RF-DETR original metric)"
187,0.739529132843,0.8724464178085327,0.6419543623924255,"recorded val/F1 (RF-DETR original metric)"
188,0.739819109440,0.8675983548164368,0.6450656652450562,"recorded val/F1 (RF-DETR original metric)"
189,0.741000056267,0.8685049414634705,0.6463311314582825,"recorded val/F1 (RF-DETR original metric)"
190,0.741333425045,0.8683469295501709,0.6469261646270752,"recorded val/F1 (RF-DETR original metric)"
191,0.741133689880,0.8671993017196655,0.6472656726837158,"recorded val/F1 (RF-DETR original metric)"
192,0.740053534508,0.8715451955795288,0.6432287096977234,"recorded val/F1 (RF-DETR original metric)"
193,0.740694642067,0.8673917651176453,0.6465067863464355,"recorded val/F1 (RF-DETR original metric)"
194,0.739944040775,0.8654772043228149,0.6464266180992126,"recorded val/F1 (RF-DETR original metric)"
195,0.739689111710,0.8647282719612122,0.6464304327964783,"recorded val/F1 (RF-DETR original metric)"
196,0.740081608295,0.8642402291297913,0.6473481059074402,"recorded val/F1 (RF-DETR original metric)"
197,0.739758729935,0.8644762635231018,0.6466902494430542,"recorded val/F1 (RF-DETR original metric)"
198,0.740071773529,0.8721627593040466,0.6428905129432678,"recorded val/F1 (RF-DETR original metric)"
199,0.740575611591,0.866299569606781,0.6469238996505737,"recorded val/F1 (RF-DETR original metric)"
200,0.739610731602,0.8645656704902649,0.6464340686798096,"recorded val/F1 (RF-DETR original metric)"
