epoch,train_loss,mAP50-95,mAP50,mAP75,AP_small,AP_medium,AP_large
0,39.27913941277398,0.0008337974920165864,0.0031368355047219822,0.00012514999670013488,1.825128048339819e-06,0.0007009848201921038,0.002026827727986454
1,39.22900973425971,0.0007666197511741833,0.0026946116862908848,0.00023635010125464524,0.0,0.001389658630179872,0.0014916618600710689
2,38.63031578063965,0.0006667507914417068,0.0025887470274193573,0.00016311501875258903,6.52239136957174e-07,0.0006634250899561777,0.0017497686686479103
3,38.011918756696915,0.0007712906365669928,0.003418056248974557,0.00027540895882751726,1.8144762270870572e-06,0.0021412304319622147,0.0015859792599887566
4,36.85951614379883,0.0010349740277902308,0.0045443914160554055,0.00026545741824916336,7.639652854174306e-07,0.0008784180968382072,0.0023791258650877577
5,37.264927016364204,0.0007674587217383804,0.003322670722056076,0.00019319222835731856,8.550077805708032e-07,0.0009592019342170836,0.0017761759380577158
6,36.278403494093155,0.0008518868970461759,0.0034967169375907468,0.00021353230895160088,4.309435391665407e-06,0.0008797576698445012,0.0019809770864229526
7,35.81044181187948,0.0014236794639889952,0.004989411302237479,0.00014743928958749783,4.646369073767445e-06,0.0012319056159481123,0.002515225690992208
8,35.43247312969632,0.0014214883239535006,0.005651703984097947,0.00013232735112340694,4.504435995972247e-06,0.0011095361612582916,0.003330796424622786
9,35.64430305692885,0.0018468528958302888,0.006507911759375543,0.00042372354637642244,3.313584370485241e-07,0.0011097702578504029,0.0043864385850664375
10,35.61633152431912,0.0011641181535437994,0.005085138069406292,0.0002461490379123169,1.7727175969315972e-06,0.0008826137233881876,0.0029673228152806894
11,34.79508892695109,0.0017413707878474046,0.006321638125583781,0.0010938271228774369,1.643089342544685e-05,0.0012415115562109333,0.003438944626638415
12,34.906490855746796,0.0018046697742083455,0.007738575002507343,0.0005254917477333914,7.166209578704349e-06,0.0013639218204575356,0.004075689963733638
13,34.81094090143839,0.0026351555944938857,0.01135498641652121,0.00024205124982630842,4.335627962240797e-05,0.0007928216198807572,0.005970862995656541
14,34.98414691289266,0.002181350157253122,0.009103923481467591,0.0010188463792465173,6.954444227285436e-05,0.0011592884808834874,0.005262099438169968
15,33.99132458368937,0.002655548119056771,0.010138716835795782,0.001247266185623325,0.00016308238268020813,0.0011504682395839104,0.006743569608598623
16,34.180362966325546,0.002840471156201047,0.011663262236618207,0.0009660744599080884,0.0010969047858752367,0.0015222840525564846,0.006516620281046571
17,33.66808605194092,0.00268381243278167,0.010917336444096044,0.0004133747248510508,0.0013581635846449116,0.001354559623371148,0.005979524732797755
18,34.89947430292765,0.002556283761572341,0.010239197527920574,0.00042551424483209155,0.0010141312541271457,0.0012963149353478975,0.005586054806066726
19,34.08713616265191,0.0033545814492360825,0.012334678927265011,0.0008432819492779554,0.0010652074222603433,0.0021461084334364524,0.007207010573181489
20,33.61108350753784,0.002532701741082824,0.010284404129959207,0.0003725401186606232,0.0010700199677770431,0.0013456960804901984,0.005072176106065512
21,33.24036667082045,0.0033990826061028796,0.011321124318325214,0.0009013015298797535,0.002819224517320411,0.0014478953328373617,0.006826428192534106
22,33.45899470647176,0.0029997514489926145,0.010852715124585846,0.0005475897730626315,0.0026722234087190374,0.0016467360439439392,0.005676441600386151
23,33.63060977723863,0.002580225274670759,0.011568965571597338,0.000552099177074585,0.003076053486595895,0.0019018657879335018,0.004442794125127189
24,32.959704134199356,0.0029159578403574423,0.012453414685354398,0.0005398286476916631,0.004739869878172432,0.0020983309442017413,0.004365949935664453
25,33.161132441626656,0.004684463766953358,0.01643005442052946,0.0009271731124935221,0.004479372136486405,0.00279507318240676,0.00909877036507196
26,32.37803082995944,0.004511083211128012,0.016988950483098415,0.0007313461846809579,0.002155161793629335,0.0035184009915796583,0.007397626366096233
27,33.16107098261515,0.004224549722947654,0.01703456525788,0.000530673560187295,0.0032916387499909794,0.0037263724673031228,0.007363450103903913
28,32.555923567877876,0.005624869233130022,0.020548147740326563,0.0010238905006087376,0.004185885169797223,0.003906300341134972,0.00942803619829429
29,32.1810638639662,0.004773270963507879,0.019061576678109947,0.0009170581452822826,0.005245156581980162,0.004267013859137038,0.007334958129324829
30,32.46904913584391,0.005803415164064373,0.022082033413102824,0.0007999186530309424,0.005948178804755365,0.00474903693747382,0.009235154164076007
31,30.956438806321884,0.007504984356454756,0.026961379659136055,0.002439677382643131,0.006829922367516208,0.005341253217023003,0.012225557969206038
32,32.09780767228868,0.006633998482263419,0.025329851812173516,0.0010703211639298577,0.004861459210616749,0.006218757340955972,0.010165093757501369
33,31.528195275200737,0.00586154706595478,0.024620902613415315,0.0011035862032115215,0.005086628921972499,0.005837973566189658,0.00843577538679526
34,31.46362802717421,0.006813894235460592,0.02539759981375102,0.0010371919424383856,0.007840564441340589,0.006189902075403614,0.009595534987715112
35,31.429465346866184,0.006548390722292964,0.027656941984922887,0.0014358847035338875,0.007718290279067902,0.0061159532883307095,0.009677650507582344
36,31.61199294196235,0.00643572252352331,0.02386808773511505,0.0011690351970641804,0.0069890406023347795,0.006110772185255738,0.010351338920117928
37,31.23637162314521,0.00675713102344505,0.02868641430928088,0.0014169176166828367,0.009394916599548213,0.00660222556683172,0.009313304559119297
38,31.183140754699707,0.006313795174066947,0.025661874001925135,0.0009763877433702321,0.00977472127827286,0.00775109928819204,0.00799805501784685
39,31.468449062771267,0.008078123877420974,0.030763316563480095,0.0017482116720347926,0.009163384624733997,0.0070810649563143565,0.012202410834931546
40,30.882957458496094,0.007237534942018581,0.02949673080625345,0.0013858421170786582,0.016611362716196378,0.007010524374168203,0.01015502716030895
41,31.22935496436225,0.006336873202224362,0.025914648940341,0.0010638418745887578,0.009422108352113495,0.006950165033605016,0.008608984701710589
42,30.46434630288018,0.006972957126828354,0.026208979218226125,0.0022636557971597916,0.007869562145789466,0.00788499398004441,0.008523550726930547
43,30.595295747121174,0.007179834591934953,0.02736621608838982,0.0019697913084451664,0.010581811020612628,0.006435145922668343,0.00996128010817691
44,29.994671397738987,0.007219328555552628,0.02830721745085721,0.0019003261566044234,0.009059741912350828,0.007884545139251886,0.009509676790951634
45,30.57383966445923,0.006922429576524772,0.028032350816948395,0.001896034272781139,0.013010671433716054,0.006941270406895247,0.009131698970967292
46,29.837944242689346,0.009537283696996763,0.03169437978156413,0.004251210305574524,0.011454218934228794,0.007709265987180793,0.013441688104732867
47,30.088287300533718,0.00834952120325756,0.030978836860392146,0.003407233793870762,0.008758247642226373,0.00731831150496548,0.01307313121473533
48,29.649955219692654,0.0077841521448956735,0.03123131666604872,0.0019574214088306898,0.008649472958753214,0.007801147861923698,0.010098130925992084
49,30.16252676645915,0.009490276861102216,0.03451975428594186,0.0032802693371271475,0.00799559429952834,0.007742622499636748,0.013616793520466736
50,29.843160152435303,0.008617889345451987,0.03012134740445366,0.003737841359654255,0.010082766574276508,0.008601217975795012,0.012048423564510299
51,29.45131821102566,0.01017687123013152,0.03201843533849181,0.0056580079759991206,0.008052665756435203,0.008243557172071562,0.014492982779715018
52,29.978066179487442,0.009411824233549212,0.0353267381543304,0.0032389411028007366,0.01479806922694052,0.008576240564772138,0.013872651405234507
53,28.740787400139702,0.00881406747310026,0.0328595722148886,0.002562742297947885,0.010379163194644834,0.009116088274340002,0.012113819459567222
54,29.352626376681858,0.00886907225602782,0.03173883507910486,0.0023129057721060615,0.006743854196114219,0.008849715213910174,0.011600926644921095
55,29.08579503165351,0.01106214185995734,0.03678943540843058,0.004602357060490453,0.011046168845522527,0.009461691047016893,0.01589338467051122
56,29.499908924102783,0.010283069608373437,0.03509933112499912,0.00365130589878489,0.010055213044763341,0.008683894628453809,0.015113031738290544
57,28.85727924770779,0.008448291289825039,0.0332228784935894,0.0021075858808324226,0.011974130602649168,0.008439950711704019,0.011091996845642363
58,29.384740935431587,0.009122837506649313,0.03319296622887291,0.0027919502251440623,0.010401096625362762,0.00890857736441214,0.012735510376999664
59,28.680252657996284,0.009474699266870314,0.035739509906115775,0.0025411677350608377,0.012362429385712621,0.0093221278629643,0.013029176295503748
60,29.008052084181045,0.011914016586189643,0.041270062208098826,0.002574744474961189,0.015822412045163936,0.009160906991480559,0.01703352993588385
61,28.42190514670478,0.011380816061181801,0.04089868984865239,0.004247976614873765,0.012070960075072827,0.008909684098755628,0.017239444105998168
62,28.825355529785156,0.01098259457736028,0.03740288587708954,0.002962943151742847,0.010714312250337516,0.009236688124163082,0.015471030574150793
63,28.38867399427626,0.010648193672762738,0.03768123112637094,0.004006313804084494,0.009712699981523359,0.008738782394239274,0.014947688653643066
64,28.328511873881023,0.010125022605016144,0.035324308165392095,0.003656581953488541,0.013575598329127631,0.00813254970023876,0.014425083352291639
65,28.265571541256374,0.01016525543663701,0.0370136420185241,0.0033817114245208845,0.016382502765297978,0.00878896752266007,0.014290912363360855
66,27.867215633392334,0.010623861639177926,0.0373593549143402,0.0039236779149735435,0.011198843684156122,0.008757764361418613,0.013639909278409098
67,28.23642412821452,0.01056963469015575,0.03704919949077945,0.004156116812673091,0.009618467586605702,0.00893267738079957,0.015533026203198914
68,27.98677126566569,0.010932115754677089,0.03588099871497313,0.0039500085264342,0.010067150465738363,0.011031774982678313,0.013674938126562883
69,28.196794086032444,0.01111406734836407,0.03855771857961577,0.004497024822687163,0.012682761540246923,0.008908808660044603,0.016798997999909825
70,28.538488388061523,0.011679529038396173,0.03953106085828045,0.004805336265825517,0.010728491026952258,0.010183026643209494,0.01611395430768196
71,28.162178410424126,0.011463921614693355,0.04039697939160651,0.003830681535349943,0.010656072113341018,0.009336120091316997,0.01693104671645031
72,27.983221160040962,0.012492515170041352,0.04540995348286724,0.005583209229016042,0.01017840491715865,0.010384634388618254,0.01850463247859475
73,28.024359914991592,0.011894171734457734,0.04387787096902504,0.0028402868612891516,0.011295869201489844,0.011131928046355048,0.015015160910561431
74,27.901313304901123,0.01270094713240278,0.0440247388019145,0.004541307972783969,0.013413099690006522,0.011354639295657718,0.017761323952147304
75,28.220115396711563,0.01376502405265649,0.04524722171643768,0.006643233964710945,0.01357449444398347,0.010816198072649781,0.02087105242001402
76,27.909496572282578,0.012029379866687482,0.04120750962243439,0.004278267542542571,0.012984243653771956,0.010825582436092664,0.016109750793716824
77,27.971227592892117,0.013545258379410079,0.044049334666855476,0.005922906623890733,0.014337954194711146,0.010157314819358665,0.021119983123189603
78,27.869997395409477,0.012783288345791415,0.043679978592321,0.005371956417078223,0.01222238414478533,0.01051262413392285,0.01754006448521912
79,27.72260268529256,0.01206260215679433,0.04231336313400052,0.0038975566693726857,0.0108177280126641,0.010460416313160878,0.01691699090270082
80,28.212013509538437,0.012790272279336911,0.04524243929872556,0.003620931610710925,0.009058442214080554,0.009755808564251317,0.02201765819173791
81,28.10134940677219,0.012651995948572496,0.04350886747652436,0.004774654007393464,0.008811234850825602,0.01031399066646084,0.021057177018651684
82,28.187227567036945,0.012359326263241514,0.04149707530373286,0.005134857955457331,0.0092149249336345,0.01066722030446578,0.01932131293976551
83,27.987327416737873,0.011890020254842159,0.04082896678220202,0.004783707660720493,0.010512278020047767,0.009661343876410643,0.018490077036290214
84,27.83326069513957,0.013806463908379047,0.044138590693013485,0.004950961199814187,0.01140420460776148,0.010848832064402056,0.02135682522101946
85,27.751585695478653,0.01202951485975275,0.04095277601487081,0.0035886809376066697,0.011991094856908425,0.009510705786196118,0.02045214949417521
86,27.96385563744439,0.01210512590143776,0.042911329327499866,0.0037547744114205836,0.013554770704146984,0.010513546526583104,0.0201727928806395
87,27.525134722391766,0.012133038700935446,0.04176083566099259,0.0037821423203019985,0.012120789286080123,0.010550152711416736,0.01826055663242213
88,28.159301651848686,0.012447206418501031,0.04030483847894228,0.005343255181970625,0.010607505575195667,0.009164241173081143,0.019280320647315306
89,28.091661506228977,0.013644169211430796,0.04248945755524692,0.008010729894923714,0.010374706222458445,0.009865003274627209,0.022461877799443853
90,27.88288927078247,0.011960922917366744,0.0385929480394696,0.00524557873443547,0.010545059039077995,0.009233750342504073,0.02052689126275188
91,27.956549167633057,0.012904559146412017,0.04180995206608329,0.004473847048047559,0.010956325868753943,0.009722433667835205,0.019569702094599004
92,27.89096275965373,0.011953474255617321,0.04067320339702105,0.003988596976886604,0.011774784796736847,0.00928868828607462,0.018588163904978274
93,27.993347644805908,0.013058864077851711,0.04054231602526348,0.005384199894945467,0.010472151107215992,0.009449697419974019,0.02147388174084213
94,27.912280824449326,0.011605962993317872,0.04100149090440021,0.004668076645873285,0.011443007599620313,0.010055400657651078,0.01689372664888231
95,28.108272128634983,0.01467031174258462,0.04408348221571126,0.006492388750767021,0.010998838585885316,0.009584778830216757,0.02494121884917701
96,27.956667317284477,0.011729803914811984,0.03700179656216409,0.004846582401580989,0.008743052935247802,0.00876599086033723,0.020089829963765776
97,28.09462759229872,0.013110647721110579,0.04179827746326841,0.005571510428494983,0.014410128136511529,0.009864789799504517,0.020082170225138696
98,27.903349346584744,0.011283557357978483,0.03804081842615313,0.0034239060953842474,0.0098447384008555,0.010016757323932072,0.016193482403341886
99,28.052496910095215,0.013920744359293212,0.04443902248551298,0.005600231872349571,0.011073741436697126,0.009876542377855634,0.021423692300469054
